1,"Harvard University",USA,1,7,9,1,1,1,1,,5,100,2012
2,"Massachusetts Institute of Technology",USA,2,9,17,3,12,4,4,,1,91.67,2012
3,"Stanford University",USA,3,17,11,5,4,2,2,,15,89.5,2012
4,"University of Cambridge",United Kingdom,1,10,24,4,16,16,11,,50,86.17,2012
5,"California Institute of Technology",USA,4,2,29,7,37,22,22,,18,85.21,2012
6,"Princeton University",USA,5,8,14,2,53,33,26,,101,82.5,2012
7,"University of Oxford",United Kingdom,2,13,28,9,15,13,19,,26,82.34,2012
8,"Yale University",USA,6,14,31,12,14,6,15,,66,79.14,2012
9,"Columbia University",USA,7,23,21,10,13,12,14,,5,78.86,2012
10,"University of California Berkeley",USA,8,16,52,6,6,5,3,,16,78.55,2012
11,"University of Chicago",USA,9,15,26,8,34,20,28,,101,73.82,2012
12,"Cornell University",USA,10,21,42,14,22,21,16,,10,73.69,2012
13,"University of Pennsylvania",USA,11,31,16,24,9,10,8,,9,73.64,2012
14,"University of Tokyo",Japan,1,32,19,31,8,19,23,,3,69.49,2012
15,"Johns Hopkins University",USA,12,34,77,20,11,9,9,,7,66.94,2012
16,"Swiss Federal Institute of Technology in Zurich",Switzerland,1,26,66,11,40,51,44,,34,66.69,2012
17,"Kyoto University",Japan,2,42,38,19,25,36,43,,23,65.76,2012
18,"Weizmann Institute of Science",Israel,1,4,101,22,101,67,101,,29,65.09,2012
19,"University of California Los Angeles",USA,13,62,59,23,3,11,6,,13,64.05,2012
20,"University of California San Diego",USA,14,61,101,15,10,8,10,,22,63.11,2012
21,"Rockefeller University",USA,15,1,101,16,101,28,96,,101,61.74,2012
22,"Hebrew University of Jerusalem",Israel,2,24,93,13,101,91,101,,28,60.76,2012
23,"New York University",USA,16,89,75,17,42,24,34,,62,60.55,2012
24,"University of California San Francisco",USA,17,101,101,21,19,3,13,,33,59.7,2012
25,"University of Wisconsin–Madison",USA,18,64,63,33,17,30,21,,21,59.66,2012
26,"University of Illinois at Urbana–Champaign",USA,19,82,101,18,35,71,39,,44,59,2012
27,"Duke University",USA,20,65,43,55,20,15,12,,20,58.37,2012
28,"Imperial College London",United Kingdom,3,84,73,35,26,26,29,,41,57.53,2012
29,"University of Texas Southwestern Medical Center",USA,21,19,101,32,101,43,84,,101,56.43,2012
30,"University of Texas at Austin",USA,22,101,78,27,41,47,40,,57,56.18,2012
31,"University College London",United Kingdom,4,35,101,45,27,23,33,,86,55.21,2012
1,"Harvard University",USA,1,1,1,1,1,1,1,,7,100,2013
2,"Stanford University",USA,2,11,2,4,6,2,2,,11,93.94,2013
3,"University of Oxford",United Kingdom,1,7,12,10,11,7,13,,15,92.54,2013
4,"Massachusetts Institute of Technology",USA,3,2,16,2,16,3,3,,1,91.45,2013
5,"University of Cambridge",United Kingdom,2,3,15,5,9,11,10,,39,90.24,2013
6,"Columbia University",USA,4,13,8,9,13,9,11,,10,88.21,2013
7,"University of California Berkeley",USA,5,6,28,6,8,6,4,,19,85.07,2013
8,"Princeton University",USA,6,4,14,3,58,35,27,,101,82.17,2013
9,"University of Chicago",USA,7,9,19,8,37,21,30,,101,79.16,2013
10,"Yale University",USA,8,10,25,13,20,12,22,,42,78.83,2013
11,"California Institute of Technology",USA,9,5,101,7,38,24,25,,17,77.59,2013
12,"University of Pennsylvania",USA,10,22,5,25,10,10,9,,14,77.24,2013
13,"Cornell University",USA,11,12,23,18,21,19,15,,7,76.99,2013
14,"University of Tokyo",Japan,1,17,3,32,14,23,29,,5,76.23,2013
15,"Kyoto University",Japan,2,32,17,14,28,46,58,,13,69.46,2013
16,"University of California Los Angeles",USA,12,38,35,12,5,15,6,,12,67.84,2013
17,"Johns Hopkins University",USA,13,23,96,21,4,5,7,,2,65.64,2013
18,"Swiss Federal Institute of Technology in Zurich",Switzerland,1,16,60,11,40,53,55,,60,64.99,2013
19,"New York University",USA,14,37,31,16,41,25,33,,51,63.99,2013
20,"University of California San Diego",USA,15,33,101,19,15,14,14,,22,63.12,2013
21,"Hebrew University of Jerusalem",Israel,1,15,101,15,101,96,101,,24,59.98,2013
22,"University of California San Francisco",USA,16,101,101,22,23,4,18,,63,59.38,2013
23,"University of Wisconsin–Madison",USA,17,31,55,33,19,29,20,,30,58.94,2013
24,"University of Illinois at Urbana–Champaign",USA,18,65,101,20,33,66,34,,67,58.33,2013
25,"Duke University",USA,19,89,42,46,22,17,17,,24,57.72,2013
26,"University of Texas at Austin",USA,20,101,56,24,46,84,37,,20,57.71,2013
27,"Imperial College London",United Kingdom,3,101,92,35,17,22,19,,48,56.75,2013
28,"Northwestern University",USA,21,101,21,101,27,26,24,,30,56.12,2013
29,"University of Toronto",Canada,1,91,81,34,2,13,12,,101,56.11,2013
30,"University College London",United Kingdom,4,24,101,49,12,16,21,,73,56,2013
31,"University of Washington - Seattle",USA,22,101,101,41,7,8,5,,51,55.79,2013
32,"University of Michigan Ann Arbor",USA,23,35,27,101,3,18,8,,6,55.77,2013
1,"Harvard University",USA,1,1,1,1,1,1,1,1,2,100,2014
2,"Stanford University",USA,2,11,2,4,5,3,3,4,6,99.09,2014
3,"Massachusetts Institute of Technology",USA,3,3,11,2,15,2,2,2,1,98.69,2014
4,"University of Cambridge",United Kingdom,1,2,10,5,10,9,12,13,48,97.64,2014
5,"University of Oxford",United Kingdom,2,7,12,10,11,12,11,12,16,97.51,2014
6,"Columbia University",USA,4,13,8,9,14,13,9,13,4,97.41,2014
7,"University of California Berkeley",USA,5,4,22,6,7,4,3,7,28,92.84,2014
8,"University of Chicago",USA,6,10,14,8,17,19,10,18,149,92.03,2014
9,"Princeton University",USA,7,5,16,3,70,25,19,41,204,88.56,2014
10,"Yale University",USA,8,9,25,11,18,7,32,19,45,88.11,2014
11,"Cornell University",USA,9,12,18,19,23,15,23,23,12,85.8,2014
12,"California Institute of Technology",USA,10,6,303,7,48,6,16,24,9,85.5,2014
13,"University of Tokyo",Japan,1,17,3,33,12,16,28,26,14,80.64,2014
14,"University of Pennsylvania",USA,11,21,4,26,8,17,13,10,28,79.3,2014
15,"University of California Los Angeles",USA,12,27,27,12,6,14,7,6,10,78.35,2014
16,"Kyoto University",Japan,2,30,23,15,27,41,61,51,18,73.21,2014
17,"New York University",USA,13,33,21,17,49,29,32,31,48,72.29,2014
18,"Swiss Federal Institute of Technology in Zurich",Switzerland,1,16,105,13,42,28,45,86,84,72.18,2014
19,"Johns Hopkins University",USA,14,24,75,18,4,10,6,3,3,71.17,2014
20,"University of California San Diego",USA,15,32,478,20,16,5,19,16,13,68.36,2014
21,"University of Michigan Ann Arbor",USA,16,29,19,131,3,20,5,10,19,68.27,2014
22,"Hebrew University of Jerusalem",Israel,1,15,255,16,114,94,493,151,40,66.76,2014
23,"Northwestern University",USA,17,151,13,105,28,32,25,27,61,66.18,2014
24,"Seoul National University",South Korea,1,355,9,210,38,165,87,107,5,66.06,2014
25,"University of Wisconsin–Madison",USA,18,31,28,34,21,24,23,28,28,65.77,2014
26,"Duke University",USA,19,65,30,49,22,23,13,15,42,63.56,2014
27,"University of California San Francisco",USA,20,355,478,23,24,8,17,9,57,63.36,2014
28,"University of Illinois at Urbana–Champaign",USA,21,34,80,21,36,45,38,68,64,62.89,2014
29,"University of Texas at Austin",USA,22,92,39,24,51,54,26,74,45,62.57,2014
30,"University College London",United Kingdom,3,20,406,52,13,22,18,21,121,61.05,2014
31,"University of Toronto",Canada,1,71,45,35,2,18,13,8,149,60.87,2014
32,"University of Washington - Seattle",USA,23,89,107,46,9,11,8,5,54,60.28,2014
33,"Rutgers University-New Brunswick",USA,24,91,33,31,52,47,38,51,54,60,2014
34,"Keio University",Japan,3,271,5,210,299,243,310,266,159,59.84,2014
35,"École normale supérieure - Paris",France,1,8,478,59,362,156,493,311,737,59.72,2014
36,"École Polytechnique",France,2,150,6,208,323,282,250,295,181,59.54,2014
37,"Rockefeller University",USA,25,72,478,14,347,26,107,62,227,59.49,2014
38,"Weizmann Institute of Science",Israel,2,18,478,22,233,63,250,137,51,59.17,2014
39,"Imperial College London",United Kingdom,4,121,98,38,20,27,31,17,34,58.85,2014
40,"Waseda University",Japan,4,355,7,210,391,384,283,380,204,58.69,2014
41,"University of Virginia",USA,26,194,17,117,93,71,55,89,94,58.6,2014
42,"McGill University",Canada,2,45,32,60,35,59,34,32,204,58.39,2014
43,"Osaka University",Japan,5,69,36,48,43,55,114,56,34,58.35,2014
44,"Dartmouth College",USA,27,46,15,210,246,164,125,132,74,58,2014
45,"University of North Carolina at Chapel Hill",USA,28,179,86,61,32,37,22,22,38,57.51,2014
46,"Pennsylvania State University University Park",USA,29,226,42,65,33,36,26,33,100,57.19,2014
47,"Ohio State University Columbus",USA,30,93,65,81,30,52,30,37,38,57.01,2014
48,"Lomonosov Moscow State University",Russia,1,14,210,50,264,247,310,361,737,56.42,2014
49,"University of Minnesota Twin Cities",USA,31,61,159,83,19,38,29,29,68,56.13,2014
50,"University of Paris-Sud",France,3,26,410,25,69,89,114,102,338,56.06,2014
51,"University of Southern California",USA,32,148,74,43,59,64,61,54,33,55.7,2014
52,"Purdue University West Lafayette",USA,33,81,52,54,72,87,73,121,20,55.67,2014
53,"University of Pittsburgh - Pittsburgh Campus",USA,34,76,195,210,25,58,21,24,64,55.67,2014
54,"Carnegie Mellon University",USA,35,25,219,27,207,234,52,144,170,55.3,2014
55,"Peking University",China,1,355,35,210,65,155,250,155,7,55.3,2014
56,"University of Edinburgh",United Kingdom,5,42,131,36,54,42,55,46,307,55.2,2014
57,"University of California Davis",USA,36,47,192,90,29,31,38,50,68,55.18,2014
58,"Washington University in St. Louis",USA,37,96,145,112,39,21,34,19,181,54.93,2014
59,"University of Florida",USA,38,212,299,95,34,70,52,63,8,54.76,2014
60,"University of California Santa Barbara",USA,39,124,252,28,105,53,48,56,68,54.76,2014
61,"University of British Columbia",Canada,3,85,298,92,26,34,36,41,78,54.75,2014
62,"University of Utah",USA,40,88,91,45,99,62,114,94,22,54.67,2014
63,"University of Colorado Boulder",USA,41,75,56,41,97,35,75,77,128,54.5,2014
64,"University of Notre Dame",USA,42,197,20,150,241,230,159,238,307,54.25,2014
65,"National Taiwan University",Taiwan,1,113,24,210,46,216,283,215,637,54.19,2014
66,"University of Texas Southwestern Medical Center",USA,43,50,478,29,127,30,81,34,181,54.07,2014
67,"Boston University",USA,44,291,47,84,60,46,43,37,227,53.96,2014
68,"Pierre-and-Marie-Curie University",France,4,36,431,86,31,39,99,66,100,53.91,2014
69,"University of Manchester",United Kingdom,6,98,73,74,41,68,43,59,94,53.9,2014
70,"University of Arizona",USA,45,99,62,87,67,33,37,46,307,53.77,2014
71,"Vanderbilt University",USA,46,108,90,113,58,57,52,40,51,53.69,2014
72,"Tohoku University",Japan,6,40,241,210,56,112,107,112,21,53.65,2014
73,"Karolinska Institute",Sweden,1,126,478,37,55,61,38,36,737,53.64,2014
74,"National University of Singapore",Singapore,1,355,99,210,37,136,114,102,23,53.52,2014
75,"University of Geneva",Switzerland,2,48,151,30,121,75,99,79,194,53.5,2014
76,"University of Maryland College Park",USA,47,63,198,51,57,49,38,73,338,53.46,2014
77,"University of Rochester",USA,48,60,50,116,112,104,69,70,76,53.06,2014
78,"Emory University",USA,49,355,97,210,66,65,73,37,45,53.01,2014
79,"University of Copenhagen",Denmark,1,111,143,63,44,44,61,34,481,52.94,2014
80,"University of California Irvine",USA,50,217,478,42,76,48,48,51,138,52.93,2014
81,"Brown University",USA,51,56,46,67,123,66,55,97,170,52.92,2014
82,"Ludwig Maximilian University of Munich",Germany,1,43,156,91,64,56,69,48,181,52.75,2014
83,"Georgia Institute of Technology",USA,52,123,77,210,104,154,79,101,24,52.74,2014
84,"Tufts University",USA,53,68,43,178,164,148,79,81,84,52.71,2014
85,"University of Zurich",Switzerland,3,110,404,82,47,43,55,56,94,52.69,2014
86,"Tel Aviv University",Israel,3,74,122,56,95,116,176,151,28,52.63,2014
87,"Tsinghua University",China,2,294,63,210,79,192,134,162,16,52.6,2014
88,"Utrecht University",Netherlands,1,102,181,101,40,51,55,49,338,52.42,2014
89,"Ruprecht Karl University of Heidelberg",Germany,2,57,426,58,68,67,61,54,159,52.4,2014
90,"King's College London",United Kingdom,7,28,173,114,84,132,87,77,181,52.31,2014
91,"Sapienza University of Rome",Italy,1,66,178,32,78,162,250,145,373,52.12,2014
92,"Kyushu University",Japan,7,355,41,210,135,170,283,207,27,51.96,2014
93,"Swiss Federal Institute of Technology in Lausanne",Switzerland,4,355,130,80,126,121,48,124,41,51.8,2014
94,"Katholieke Universiteit Leuven",Belgium,1,355,225,210,53,111,75,59,64,51.72,2014
95,"University of Sydney",Australia,1,127,158,162,50,117,61,94,100,51.58,2014
96,"Tokyo Institute of Technology",Japan,8,208,48,119,150,157,87,180,44,51.53,2014
97,"University of Melbourne",Australia,2,136,101,210,45,74,87,81,194,51.43,2014
98,"University of Bonn",Germany,3,23,275,70,156,125,187,145,227,51.37,2014
99,"Technical University of Munich",Germany,4,38,138,173,106,92,187,97,100,51.34,2014
100,"Royal Institute of Technology",Sweden,2,185,26,106,223,312,310,326,637,51.34,2014
101,"Erasmus University Rotterdam",Netherlands,2,355,66,184,88,142,75,45,227,51.29,2014
102,"Case Western Reserve University",USA,54,44,208,189,134,97,60,70,100,51.27,2014
103,"University of Alberta",Canada,4,163,144,148,61,105,81,99,84,51.23,2014
104,"University of Texas MD Anderson Cancer Center",USA,55,355,478,136,92,76,61,30,78,51.19,2014
105,"Texas A&M University College Station",USA,56,328,94,53,73,90,87,137,280,51.18,2014
106,"Arizona State University",USA,57,355,478,72,141,79,69,145,34,51.14,2014
107,"Yonsei University",South Korea,2,355,61,210,143,330,250,251,15,50.95,2014
108,"Rice University",USA,58,54,313,94,252,144,45,121,61,50.94,2014
109,"Technion – Israel Institute of Technology",Israel,4,41,221,39,180,226,187,207,100,50.89,2014
110,"University of Helsinki",Finland,1,53,478,77,80,88,99,74,481,50.76,2014
111,"University of Oslo",Norway,1,139,266,44,108,126,130,100,373,50.7,2014
112,"Michigan State University",USA,59,112,214,210,85,115,45,106,128,50.69,2014
113,"Indiana University - Bloomington",USA,60,211,38,175,166,769,176,195,204,50.53,2014
114,"University of the Witwatersrand",South Africa,1,79,29,169,456,241,310,472,259,50.4,2014
115,"University of Queensland",Australia,3,265,295,134,75,96,125,102,78,50.37,2014
116,"Lund University",Sweden,3,132,478,165,81,133,48,70,737,50.34,2014
117,"Leiden University",Netherlands,3,107,478,78,82,91,114,66,227,50.29,2014
118,"Georgetown University",USA,61,146,37,210,295,323,310,211,159,50.28,2014
119,"Aarhus University",Denmark,2,292,188,107,90,78,81,90,194,50.17,2014
120,"University of Barcelona",Spain,1,355,207,210,63,107,81,88,259,50.17,2014
121,"Baylor College of Medicine",USA,62,355,478,210,111,40,107,41,194,50.12,2014
122,"University of Amsterdam",Netherlands,4,182,438,204,74,86,87,68,338,49.97,2014
123,"University of Bristol",United Kingdom,8,177,242,76,87,69,99,110,338,49.97,2014
124,"Uppsala University",Sweden,4,62,336,111,94,77,99,102,737,49.96,2014
125,"University of Iowa",USA,63,223,184,163,103,81,87,110,115,49.95,2014
126,"Stony Brook University",USA,64,170,478,68,161,73,69,118,100,49.92,2014
127,"University of Groningen",Netherlands,5,293,265,190,71,103,107,79,338,49.89,2014
128,"Korea Advanced Institute of Science and Technology (KAIST)",South Korea,3,355,85,210,186,262,363,306,11,49.88,2014
129,"Radboud University Nijmegen",Netherlands,6,118,155,210,91,120,114,81,552,49.85,2014
130,"Korea University",South Korea,4,355,58,210,182,428,220,293,34,49.84,2014
131,"University of São Paulo",Brazil,1,302,70,210,62,182,114,162,737,49.82,2014
132,"Nagoya University",Japan,9,67,356,69,119,141,134,192,68,49.82,2014
133,"University of Colorado Denver",USA,65,355,478,131,140,118,150,61,78,49.79,2014
134,"University of Montreal",Canada,5,309,460,210,77,110,87,64,426,49.79,2014
135,"Albert Ludwig University of Freiburg",Germany,5,137,113,187,155,106,159,137,64,49.78,2014
136,"Ghent University",Belgium,2,115,282,139,89,158,81,129,121,49.73,2014
137,"University of Glasgow",United Kingdom,9,219,112,210,118,131,87,92,280,49.64,2014
138,"University of Miami",USA,66,355,152,210,159,128,87,114,78,49.62,2014
139,"Université libre de Bruxelles",Belgium,3,165,167,57,221,196,81,158,115,49.6,2014
140,"Paris Diderot University - Paris 7",France,5,117,478,73,107,60,159,107,426,49.53,2014
141,"McMaster University",Canada,6,210,271,159,128,159,87,81,159,49.51,2014
142,"University of Birmingham",United Kingdom,10,58,119,198,116,160,150,135,204,49.48,2014
143,"University of Texas at Dallas",USA,67,355,244,210,219,100,61,44,307,49.47,2014
144,"VU University Amsterdam",Netherlands,7,355,398,210,83,123,87,86,737,49.47,2014
145,"Wake Forest University",USA,68,242,59,210,251,236,150,126,128,49.46,2014
146,"University of Southampton",United Kingdom,11,315,81,210,115,129,107,129,259,49.42,2014
147,"University of Nottingham",United Kingdom,12,128,148,85,113,174,150,135,159,49.41,2014
148,"Nanyang Technological University",Singapore,2,355,478,210,110,387,220,251,26,49.35,2014
149,"University of New South Wales",Australia,4,172,114,210,100,194,99,164,138,49.29,2014
150,"Osaka City University",Japan,10,19,320,210,460,520,283,437,373,49.25,2014
151,"University of Leeds",United Kingdom,13,84,93,210,132,134,134,151,280,49.23,2014
152,"Western University (The University of Western Ontario)",Canada,7,355,49,210,154,198,250,176,426,49.18,2014
153,"Kobe University",Japan,11,22,362,96,349,259,283,318,307,49.18,2014
154,"University of Basel",Switzerland,5,77,222,66,168,113,134,141,426,49.17,2014
155,"University of Hong Kong",Hong Kong,1,272,116,210,98,195,176,118,481,49.1,2014
156,"Indiana University-Purdue University Indianapolis",USA,69,355,424,210,195,351,134,121,57,49.08,2014
157,"Humboldt University of Berlin",Germany,6,275,478,110,117,84,159,81,373,49.03,2014
158,"Free University of Berlin",Germany,7,94,478,119,122,82,250,90,481,49.02,2014
159,"University of Tübingen",Germany,8,64,478,102,158,143,159,117,227,48.99,2014
160,"Australian National University",Australia,5,186,377,47,137,95,187,196,426,48.96,2014
161,"Goethe University Frankfurt",Germany,9,105,291,62,175,151,200,124,280,48.93,2014
162,"University of Houston",USA,70,355,40,210,315,291,493,355,89,48.91,2014
163,"University of California Santa Cruz",USA,71,160,478,99,239,50,114,107,227,48.89,2014
164,"University of Alabama at Birmingham",USA,72,355,478,210,139,114,134,74,194,48.88,2014
165,"Icahn School of Medicine at Mount Sinai",USA,73,355,478,210,169,80,176,64,159,48.85,2014
166,"University of Calgary",Canada,8,355,89,210,147,171,114,132,737,48.84,2014
167,"Mines ParisTech",France,6,249,31,165,980,825,609,917,737,48.81,2014
168,"University of Gothenburg",Sweden,5,248,321,71,177,186,107,112,737,48.79,2014
169,"University of Göttingen",Germany,10,39,174,172,172,152,310,196,373,48.77,2014
170,"Monash University",Australia,6,277,134,210,96,146,250,173,159,48.71,2014
171,"Southern Methodist University",USA,74,157,34,210,632,677,406,628,737,48.69,2014
172,"Yeshiva University",USA,75,174,478,210,188,85,159,94,138,48.67,2014
173,"University of South Florida - Tampa",USA,76,355,284,210,242,263,159,164,51,48.65,2014
174,"Hanyang University",South Korea,5,355,69,210,292,481,406,415,28,48.63,2014
175,"Oregon Health & Science University",USA,77,355,478,119,191,124,107,92,227,48.61,2014
176,"University of Strasbourg",France,7,59,478,55,190,135,250,224,204,48.61,2014
177,"University of Cincinnati",USA,78,305,132,210,145,166,159,129,204,48.6,2014
178,"University of Sheffield",United Kingdom,14,131,257,190,124,127,114,145,227,48.55,2014
179,"University of Hamburg",Germany,11,304,146,126,152,138,134,132,637,48.54,2014
180,"George Washington University",USA,79,176,53,210,312,229,187,203,307,48.48,2014
181,"University of Milan",Italy,2,162,467,178,109,183,200,114,481,48.48,2014
182,"Iowa State University",USA,80,273,190,109,142,173,75,176,338,48.47,2014
183,"University of Maryland Baltimore",USA,81,355,478,210,125,102,134,114,280,48.4,2014
184,"University of Padua",Italy,3,278,478,210,101,99,176,126,737,48.4,2014
185,"University of New Mexico",USA,82,355,478,210,227,168,61,137,149,48.36,2014
186,"Pohang University of Science and Technology",South Korea,6,355,478,210,279,346,220,295,25,48.35,2014
187,"Stockholm University",Sweden,6,184,106,183,202,93,99,185,637,48.27,2014
188,"Hokkaido University",Japan,12,260,378,126,138,172,283,251,61,48.18,2014
189,"Fudan University",China,3,355,126,210,120,264,310,230,100,48.14,2014
190,"University of Sussex",United Kingdom,15,138,218,40,368,261,176,306,481,48.12,2014
191,"Université catholique de Louvain",Belgium,4,355,269,103,179,286,134,160,181,48.08,2014
192,"Wayne State University",USA,83,355,186,210,187,258,125,155,181,48.07,2014
193,"University of Massachusetts Medical School",USA,84,355,478,136,288,72,187,118,170,48.06,2014
194,"University of Lausanne",Switzerland,6,95,338,210,237,108,134,128,637,48.05,2014
195,"Shanghai Jiao Tong University",China,4,325,149,210,102,250,250,234,138,48.02,2014
196,"University of Missouri–Columbia",USA,85,243,96,97,220,213,220,234,149,48.02,2014
197,"Technical University of Denmark",Denmark,3,339,478,195,240,257,200,238,48,47.98,2014
198,"Complutense University of Madrid",Spain,2,86,55,206,213,309,406,339,204,47.97,2014
199,"University of Cologne",Germany,12,355,109,194,215,150,187,161,426,47.97,2014
200,"Trinity College Dublin",Ireland,1,319,68,193,301,249,150,201,227,47.96,2014
201,"University of Bern",Switzerland,7,166,478,205,167,119,99,155,426,47.93,2014
202,"Chinese University of Hong Kong",Hong Kong,2,90,478,88,171,386,159,203,204,47.83,2014
203,"University of Kansas",USA,86,216,83,210,209,161,159,234,194,47.82,2014
204,"Sungkyunkwan University",South Korea,7,355,191,210,206,331,187,295,54,47.79,2014
205,"University of Vienna",Austria,1,200,160,100,225,147,150,192,737,47.78,2014
206,"Zhejiang University",China,5,355,293,210,86,318,493,290,94,47.76,2014
207,"University of Georgia",USA,87,104,193,169,176,122,187,247,128,47.75,2014
208,"University of Massachusetts Amherst",USA,88,199,118,154,194,190,159,201,373,47.74,2014
209,"Cardiff University",United Kingdom,16,306,183,135,183,153,310,189,170,47.74,2014
210,"University of Münster",Germany,13,114,456,171,173,197,114,180,338,47.73,2014
211,"University of Liverpool",United Kingdom,17,159,248,200,149,163,134,189,373,47.69,2014
212,"University of Ottawa",Canada,9,355,287,210,185,191,159,141,481,47.69,2014
213,"University of Erlangen-Nuremberg",Germany,14,222,478,210,170,208,134,145,307,47.69,2014
214,"Queen Mary University of London",United Kingdom,18,133,348,210,231,181,220,141,227,47.67,2014
215,"Karlsruhe Institute of Technology",Germany,15,343,170,122,193,271,150,249,109,47.67,2014
216,"Louisiana State University - Baton Rouge",USA,89,256,179,210,162,179,159,176,481,47.67,2014
217,"Nanjing University",China,6,331,447,210,148,371,363,288,57,47.67,2014
218,"University of Illinois at Chicago",USA,90,355,416,210,131,189,220,185,170,47.63,2014
219,"University of Bologna",Italy,4,342,319,210,130,283,187,169,552,47.59,2014
220,"University of Manitoba",Canada,10,149,84,150,257,297,220,249,227,47.56,2014
221,"Joseph Fourier University",France,8,181,478,210,136,101,220,207,159,47.54,2014
222,"University of California Riverside",USA,91,228,478,210,199,98,134,169,259,47.53,2014
223,"Julius-Maximilian's University of Würzburg",Germany,16,100,407,164,216,178,200,173,481,47.5,2014
224,"Aix-Marseille University",France,9,220,472,210,129,83,176,215,227,47.48,2014
225,"University of Western Australia",Australia,7,145,397,140,165,214,283,176,373,47.47,2014
226,"Laval University",Canada,11,285,296,210,212,270,220,200,109,47.47,2014
227,"University of Tennessee Knoxville",USA,92,300,117,210,192,177,134,224,481,47.45,2014
228,"North Carolina State University",USA,93,245,194,210,151,202,159,238,181,47.43,2014
229,"Newcastle University",United Kingdom,19,355,250,210,200,149,200,164,481,47.42,2014
230,"Claude Bernard University Lyon 1",France,10,355,478,210,133,130,220,196,204,47.42,2014
231,"University of Turin",Italy,5,311,471,159,214,272,220,151,552,47.4,2014
232,"University of Kiel",Germany,17,180,396,192,236,185,220,158,280,47.39,2014
233,"University of Connecticut",USA,94,282,402,210,160,187,200,185,204,47.35,2014
234,"Tulane University",USA,95,298,92,210,363,298,283,215,194,47.34,2014
235,"University of Oklahoma - Norman Campus",USA,96,355,124,210,238,223,176,203,307,47.33,2014
236,"Brandeis University",USA,97,49,311,79,527,169,493,322,128,47.31,2014
1,"Harvard University",USA,1,1,1,1,1,1,1,1,3,100,2015
2,"Stanford University",USA,2,9,2,4,5,3,3,4,10,98.66,2015
3,"Massachusetts Institute of Technology",USA,3,3,11,2,15,2,2,2,1,97.54,2015
4,"University of Cambridge",United Kingdom,1,2,10,5,11,6,12,13,48,96.81,2015
5,"University of Oxford",United Kingdom,2,7,13,10,7,12,7,9,15,96.46,2015
6,"Columbia University",USA,4,13,6,9,13,13,11,12,4,96.14,2015
7,"University of California Berkeley",USA,5,5,21,6,10,4,4,7,29,92.25,2015
8,"University of Chicago",USA,6,11,14,8,17,16,12,22,141,90.7,2015
9,"Princeton University",USA,7,4,15,3,72,25,24,33,225,89.42,2015
10,"Cornell University",USA,8,12,18,14,24,15,25,22,11,86.79,2015
11,"Yale University",USA,9,10,26,11,18,8,35,20,49,86.61,2015
12,"California Institute of Technology",USA,10,6,328,7,53,9,19,25,13,84.4,2015
13,"University of Tokyo",Japan,1,16,3,38,14,19,31,29,7,78.23,2015
14,"University of Pennsylvania",USA,11,20,4,28,8,18,14,9,14,77.6,2015
15,"University of California Los Angeles",USA,12,28,27,13,6,14,8,6,9,76.91,2015
16,"Johns Hopkins University",USA,13,18,84,16,4,11,5,3,2,71.6,2015
17,"Kyoto University",Japan,2,22,16,24,30,42,88,60,16,68.6,2015
18,"New York University",USA,14,32,22,18,47,29,46,32,43,68.39,2015
19,"University of Michigan Ann Arbor",USA,15,24,17,140,3,20,6,14,12,68.36,2015
20,"Swiss Federal Institute of Technology in Zurich",Switzerland,1,17,64,17,44,27,39,79,57,66.93,2015
21,"University of California San Diego",USA,16,36,567,19,16,5,15,15,17,66.59,2015
22,"Northwestern University",USA,17,163,12,104,27,34,27,26,42,66.56,2015
23,"Hebrew University of Jerusalem",Israel,1,15,164,15,120,97,368,143,35,65.71,2015
24,"Seoul National University",South Korea,1,367,9,218,36,163,146,112,6,64.82,2015
25,"University of Wisconsin–Madison",USA,18,29,29,34,21,24,22,27,27,64.51,2015
26,"University of California San Francisco",USA,19,367,567,20,22,7,15,11,56,63.69,2015
27,"University College London",United Kingdom,3,21,447,27,12,22,15,18,67,62.27,2015
28,"Duke University",USA,20,74,31,56,19,23,15,16,33,61.55,2015
29,"Rockefeller University",USA,21,49,567,12,372,28,115,70,289,61.28,2015
30,"University of Texas at Austin",USA,22,75,36,25,48,50,26,71,38,61.14,2015
31,"University of Washington - Seattle",USA,23,48,103,41,9,10,10,5,40,60.61,2015
32,"University of Toronto",Canada,1,70,51,32,2,17,9,8,145,60.04,2015
33,"University of Illinois at Urbana–Champaign",USA,24,33,75,21,40,48,42,74,65,59.94,2015
34,"Keio University",Japan,3,284,5,218,309,246,368,270,80,59.84,2015
35,"Imperial College London",United Kingdom,4,90,82,30,19,26,23,19,47,59.61,2015
36,"École Polytechnique",France,1,98,7,216,327,314,234,295,172,59.2,2015
37,"École normale supérieure - Paris",France,2,8,502,54,379,157,645,295,871,58.8,2015
38,"Waseda University",Japan,4,288,8,218,406,389,368,388,248,58.17,2015
39,"Weizmann Institute of Science",Israel,2,19,567,22,246,63,234,143,45,57.17,2015
40,"University of North Carolina at Chapel Hill",USA,25,124,69,86,32,32,19,21,41,57.09,2015
41,"University of Virginia",USA,26,209,20,126,94,74,88,90,97,56.73,2015
42,"McGill University",Canada,2,34,37,75,33,53,44,34,132,56.49,2015
43,"Purdue University West Lafayette",USA,27,55,33,47,75,95,68,117,28,56.39,2015
44,"Dartmouth College",USA,28,40,19,218,246,167,136,154,63,56.35,2015
45,"Osaka University",Japan,5,46,39,75,50,58,182,67,18,56.03,2015
46,"University of Pittsburgh - Pittsburgh Campus",USA,29,79,169,218,25,57,21,24,50,55.63,2015
47,"Pennsylvania State University University Park",USA,30,230,44,62,49,43,28,38,92,55.54,2015
48,"University of Minnesota Twin Cities",USA,31,63,130,63,23,40,31,28,59,55.51,2015
49,"Ohio State University Columbus",USA,32,96,87,82,28,52,31,38,44,55.39,2015
50,"Rutgers University-New Brunswick",USA,33,91,40,37,100,66,46,89,61,55.23,2015
51,"University of Southern California",USA,34,152,62,39,57,64,101,56,34,55.12,2015
52,"Washington University in St. Louis",USA,35,101,96,71,41,21,29,17,169,55.03,2015
53,"University of California Davis",USA,36,54,227,59,29,33,35,52,62,54.85,2015
54,"University of Colorado Boulder",USA,37,80,67,31,96,38,45,74,133,54.62,2015
55,"University of Edinburgh",United Kingdom,5,44,127,33,54,37,65,43,228,54.39,2015
56,"Peking University",China,1,182,38,218,52,131,182,125,20,54.26,2015
57,"National Taiwan University",Taiwan,1,92,25,218,46,223,182,204,695,54.23,2015
58,"University of Paris-Sud",France,3,26,393,26,73,86,115,97,324,54.21,2015
59,"Lomonosov Moscow State University",Russia,1,14,175,48,268,254,287,344,861,54.19,2015
60,"University of Florida",USA,38,214,276,96,37,73,46,59,5,54.18,2015
61,"Carnegie Mellon University",USA,39,25,160,23,211,225,78,150,165,54,2015
62,"University of British Columbia",Canada,3,81,275,93,26,36,37,34,81,53.92,2015
63,"Pierre-and-Marie-Curie University",France,4,30,404,88,31,35,68,63,87,53.79,2015
64,"University of California Santa Barbara",USA,40,133,280,29,111,59,46,55,77,53.63,2015
65,"National University of Singapore",Singapore,1,367,98,218,34,125,78,90,25,53.44,2015
66,"Boston University",USA,41,303,54,83,60,45,37,34,135,53.43,2015
67,"University of Manchester",United Kingdom,6,99,92,72,43,70,29,53,142,53.38,2015
68,"University of Arizona",USA,42,139,55,87,74,39,31,49,235,53.26,2015
69,"Vanderbilt University",USA,43,87,94,110,55,62,59,41,51,53.05,2015
70,"University of Utah",USA,44,97,105,67,97,65,101,90,19,52.89,2015
71,"Karolinska Institute",Sweden,1,149,567,36,51,54,52,34,743,52.79,2015
72,"University of Maryland College Park",USA,45,68,210,43,58,47,39,67,280,52.72,2015
73,"Tohoku University",Japan,6,41,170,218,68,127,115,119,22,52.57,2015
74,"University of Copenhagen",Denmark,1,117,149,64,38,31,59,31,432,52.51,2015
75,"University of Texas Southwestern Medical Center",USA,46,59,567,35,131,30,78,40,173,52.5,2015
76,"Ruprecht Karl University of Heidelberg",Germany,1,38,402,51,69,61,46,46,243,52.32,2015
77,"University of Notre Dame",USA,47,221,24,155,242,242,182,235,352,52.27,2015
78,"Tsinghua University",China,2,309,73,218,63,158,65,156,30,52.21,2015
79,"Ludwig Maximilian University of Munich",Germany,2,42,129,92,66,55,53,51,167,52.16,2015
80,"Georgia Institute of Technology",USA,48,135,60,218,107,152,78,106,36,52.08,2015
81,"University of Rochester",USA,49,72,53,113,114,118,68,79,64,52.03,2015
82,"Katholieke Universiteit Leuven",Belgium,1,367,202,218,35,92,53,46,74,52.03,2015
83,"Brown University",USA,50,64,43,73,121,67,76,99,200,52.01,2015
84,"Emory University",USA,51,367,146,116,67,60,93,41,55,51.85,2015
85,"Erasmus University Rotterdam",Netherlands,1,367,46,189,87,147,53,44,227,51.78,2015
86,"Tel Aviv University",Israel,3,77,107,50,98,117,136,154,39,51.75,2015
87,"Utrecht University",Netherlands,2,84,199,115,39,44,59,46,429,51.74,2015
88,"University of Sydney",Australia,1,105,198,166,45,103,46,84,75,51.61,2015
89,"University of California Irvine",USA,52,227,567,44,78,51,68,54,162,51.51,2015
90,"University of Texas MD Anderson Cancer Center",USA,53,367,567,80,93,72,42,29,71,51.51,2015
91,"Swiss Federal Institute of Technology in Lausanne",Switzerland,2,367,74,116,124,114,39,110,58,51.47,2015
92,"University of Geneva",Switzerland,3,35,191,42,122,77,115,79,321,51.46,2015
93,"University of Melbourne",Australia,2,141,113,218,42,68,53,71,223,51.34,2015
94,"King's College London",United Kingdom,7,27,190,114,76,116,101,74,188,51.31,2015
95,"Tufts University",USA,54,60,48,182,166,160,93,85,84,51.22,2015
96,"University of Zurich",Switzerland,4,115,389,85,56,46,68,56,137,51.14,2015
97,"Arizona State University",USA,55,367,455,66,143,85,76,140,21,51.13,2015
98,"Yonsei University",South Korea,2,367,45,218,140,326,321,235,23,51.02,2015
99,"University of Oslo",Norway,1,53,286,40,106,134,101,102,302,50.81,2015
100,"Kyushu University",Japan,7,367,49,218,152,182,264,200,37,50.6,2015
101,"Technical University of Munich",Germany,3,37,118,177,104,90,128,95,119,50.58,2015
102,"Texas A&M University College Station",USA,56,339,108,46,77,98,88,143,201,50.43,2015
103,"University of Queensland",Australia,3,269,292,142,65,78,101,99,68,50.4,2015
104,"Mines ParisTech",France,5,278,23,169,977,834,812,906,871,50.34,2015
105,"Case Western Reserve University",USA,57,50,215,195,137,106,59,74,111,50.28,2015
106,"Indiana University - Bloomington",USA,58,134,35,178,180,143,161,190,178,50.26,2015
107,"University of Alberta",Canada,4,169,151,153,62,109,82,103,116,50.25,2015
108,"Leiden University",Netherlands,3,120,567,102,82,94,53,56,260,50.17,2015
109,"Tokyo Institute of Technology",Japan,8,170,50,128,169,169,136,190,52,50.13,2015
110,"University of Groningen",Netherlands,4,313,193,196,64,96,68,67,316,50.1,2015
111,"University of Helsinki",Finland,1,56,551,111,80,79,88,65,420,50.04,2015
112,"Sapienza University of Rome",Italy,1,67,205,45,83,166,212,130,312,49.97,2015
113,"Georgetown University",USA,59,159,34,218,298,321,321,204,122,49.92,2015
114,"University of Amsterdam",Netherlands,5,109,317,212,70,88,93,60,282,49.83,2015
115,"Korea University",South Korea,3,367,58,218,172,411,321,273,26,49.79,2015
116,"University of Barcelona",Spain,1,367,226,218,61,108,93,83,215,49.79,2015
117,"Lund University",Sweden,2,136,466,169,85,135,53,60,871,49.75,2015
118,"Michigan State University",USA,60,112,162,218,88,123,65,111,136,49.74,2015
119,"Ghent University",Belgium,2,123,329,147,84,149,68,119,90,49.73,2015
120,"Rice University",USA,61,52,161,95,255,150,59,130,76,49.73,2015
121,"Baylor College of Medicine",USA,62,367,567,218,113,41,101,44,199,49.7,2015
122,"Aarhus University",Denmark,2,310,165,106,91,81,101,95,154,49.65,2015
123,"University of Bristol",United Kingdom,8,194,196,74,92,69,82,106,335,49.59,2015
124,"Uppsala University",Sweden,3,73,321,70,95,75,93,103,871,49.57,2015
125,"Nagoya University",Japan,9,39,322,53,138,140,146,195,78,49.57,2015
126,"Royal Institute of Technology",Sweden,4,199,30,105,221,300,321,318,797,49.54,2015
127,"University of Colorado Denver",USA,63,367,567,140,135,110,128,66,72,49.48,2015
128,"University of Glasgow",United Kingdom,9,234,89,218,123,144,82,87,402,49.45,2015
129,"VU University Amsterdam",Netherlands,6,367,385,218,79,120,68,79,871,49.44,2015
130,"University of New South Wales",Australia,4,177,70,218,90,177,101,164,157,49.33,2015
131,"Paris Diderot University - Paris 7",France,6,127,567,68,105,56,115,97,483,49.33,2015
132,"University of São Paulo",Brazil,1,297,71,218,59,186,136,164,710,49.31,2015
133,"Western University (The University of Western Ontario)",Canada,5,367,41,218,149,208,234,190,261,49.31,2015
134,"Radboud University Nijmegen",Netherlands,7,128,274,218,89,119,93,74,410,49.3,2015
135,"Nanyang Technological University",Singapore,2,367,567,218,102,361,212,204,32,49.29,2015
136,"Technion – Israel Institute of Technology",Israel,4,45,180,55,186,221,161,209,88,49.12,2015
137,"University of Miami",USA,64,367,241,218,159,130,82,112,73,49.09,2015
138,"Stony Brook University",USA,65,186,567,58,173,84,93,134,96,49.09,2015
139,"University of Texas at Dallas",USA,66,367,159,218,250,151,59,49,313,49.05,2015
140,"University of Nottingham",United Kingdom,10,131,109,84,116,176,146,140,138,49.02,2015
141,"University of Iowa",USA,67,233,296,167,103,83,115,112,121,49.01,2015
142,"Southern Methodist University",USA,68,179,28,218,624,655,368,646,824,48.99,2015
143,"Icahn School of Medicine at Mount Sinai",USA,69,367,567,218,160,71,161,63,101,48.96,2015
144,"Korea Advanced Institute of Science and Technology (KAIST)",South Korea,4,367,194,218,183,283,368,289,8,48.95,2015
145,"Monash University",Australia,5,277,145,218,86,136,182,161,99,48.91,2015
146,"University of Alabama at Birmingham",USA,70,367,567,218,141,124,128,71,130,48.79,2015
147,"Free University of Berlin",Germany,4,76,548,128,109,80,234,90,461,48.78,2015
148,"University of Southampton",United Kingdom,11,329,95,218,115,133,101,130,334,48.77,2015
149,"University of the Witwatersrand",South Africa,1,61,32,172,442,237,321,447,291,48.75,2015
150,"McMaster University",Canada,6,222,268,163,127,156,101,87,222,48.74,2015
151,"University of Montreal",Canada,7,320,376,218,101,111,101,90,540,48.72,2015
152,"University of Birmingham",United Kingdom,12,65,158,205,117,165,146,138,170,48.7,2015
153,"Humboldt University of Berlin",Germany,5,291,567,108,108,82,161,85,471,48.64,2015
154,"University of California Santa Cruz",USA,71,175,567,100,243,49,115,99,183,48.59,2015
155,"Albert Ludwig University of Freiburg",Germany,6,148,134,193,156,104,182,134,98,48.57,2015
156,"University of Tübingen",Germany,7,69,490,103,142,122,146,115,226,48.56,2015
157,"University of Cincinnati",USA,72,188,86,218,150,171,128,127,263,48.56,2015
158,"University of Bonn",Germany,8,58,249,65,153,107,146,150,341,48.54,2015
159,"Wake Forest University",USA,73,265,83,218,249,244,128,125,124,48.52,2015
160,"University of Basel",Switzerland,5,83,363,60,167,100,136,130,486,48.48,2015
161,"University of Leeds",United Kingdom,13,62,157,218,133,141,136,150,265,48.41,2015
162,"University of Hamburg",Germany,9,314,136,135,147,126,101,127,677,48.31,2015
163,"Université libre de Bruxelles",Belgium,3,173,110,69,236,214,101,170,148,48.28,2015
164,"Indiana University-Purdue University Indianapolis",USA,74,367,492,218,187,190,125,122,79,48.28,2015
165,"Pohang University of Science and Technology",South Korea,5,367,567,218,285,355,212,281,24,48.24,2015
166,"Oregon Health & Science University",USA,75,367,567,128,184,115,125,105,144,48.23,2015
167,"University of Calgary",Canada,8,367,123,218,145,180,101,127,778,48.23,2015
168,"Stockholm University",Sweden,5,129,79,187,202,89,88,179,839,48.23,2015
169,"University of Padua",Italy,2,281,567,218,99,105,182,119,351,48.17,2015
170,"University of Hong Kong",Hong Kong,1,287,128,218,139,204,128,147,205,48.15,2015
171,"Yeshiva University",USA,76,200,567,218,195,91,161,109,128,48.11,2015
172,"University of Milan",Italy,3,162,441,182,118,189,212,106,438,48.07,2015
173,"University of Sheffield",United Kingdom,14,142,209,196,129,137,136,147,179,48.07,2015
174,"Technical University of Denmark",Denmark,3,351,510,202,220,230,161,216,46,48.06,2015
175,"University of Maryland Baltimore",USA,77,367,567,218,125,112,197,116,180,48.05,2015
176,"Goethe University Frankfurt",Germany,10,111,219,89,179,155,212,124,328,48.01,2015
177,"University of Göttingen",Germany,11,43,171,176,174,146,264,184,299,47.98,2015
178,"Hokkaido University",Japan,10,279,277,135,148,173,287,251,53,47.97,2015
179,"Australian National University",Australia,6,196,379,52,130,99,197,188,415,47.97,2015
180,"Shanghai Jiao Tong University",China,3,335,143,218,81,267,212,209,198,47.96,2015
181,"University of New Mexico",USA,78,367,567,218,223,170,82,147,100,47.95,2015
182,"University of Strasbourg",France,7,71,567,49,191,145,264,219,269,47.89,2015
183,"University of Massachusetts Medical School",USA,79,367,567,80,296,76,234,122,143,47.85,2015
184,"University of Houston",USA,80,367,42,218,310,257,511,349,156,47.83,2015
185,"Trinity College Dublin",Ireland,1,338,78,200,289,233,115,204,153,47.73,2015
186,"University of Lausanne",Switzerland,6,102,423,218,235,101,115,117,683,47.73,2015
187,"Iowa State University",USA,81,286,186,109,151,178,82,184,339,47.71,2015
188,"Joseph Fourier University",France,8,195,567,218,110,93,234,170,160,47.71,2015
189,"Wayne State University",USA,82,367,183,218,189,258,125,176,117,47.67,2015
190,"University of South Florida - Tampa",USA,83,367,418,218,233,251,197,164,70,47.66,2015
191,"Zhejiang University",China,4,367,309,218,71,290,368,265,106,47.66,2015
192,"Hanyang University",South Korea,6,367,168,218,286,471,368,396,31,47.6,2015
193,"University of Ottawa",Canada,9,223,163,218,171,194,212,134,496,47.6,2015
194,"University of Missouri–Columbia",USA,84,250,88,98,222,226,161,242,150,47.59,2015
195,"Fudan University",China,5,367,203,218,112,252,368,204,123,47.56,2015
196,"University of Kansas",USA,85,228,91,218,212,161,161,235,127,47.52,2015
197,"University of Cologne",Germany,12,367,132,201,204,138,146,161,421,47.52,2015
198,"University of Georgia",USA,86,93,188,172,181,132,234,256,82,47.5,2015
199,"University of Liverpool",United Kingdom,15,176,179,207,154,172,128,174,377,47.49,2015
200,"University of Bern",Switzerland,7,184,526,213,163,128,93,159,433,47.49,2015
201,"Cardiff University",United Kingdom,16,321,218,143,178,153,146,170,193,47.46,2015
202,"George Washington University",USA,87,192,56,218,301,227,264,235,326,47.46,2015
203,"University of Illinois at Chicago",USA,88,367,541,218,126,196,287,179,129,47.39,2015
204,"University of Erlangen-Nuremberg",Germany,13,231,554,218,176,202,146,134,361,47.36,2015
205,"University of Münster",Germany,14,113,421,174,170,192,136,174,192,47.34,2015
206,"Aix-Marseille University",France,9,218,451,218,119,87,182,197,230,47.31,2015
207,"Claude Bernard University Lyon 1",France,10,367,567,218,132,121,234,184,151,47.31,2015
208,"University of Bologna",Italy,4,350,348,218,136,281,212,161,354,47.28,2015
209,"Queen Mary University of London",United Kingdom,17,147,319,218,226,175,212,138,255,47.25,2015
210,"Dresden University of Technology",Germany,15,367,567,218,188,212,146,195,102,47.25,2015
211,"Sungkyunkwan University",South Korea,7,367,225,218,194,317,161,270,69,47.19,2015
212,"Newcastle University",United Kingdom,18,367,222,218,192,159,234,159,365,47.17,2015
213,"Karlsruhe Institute of Technology",Germany,16,356,208,131,193,280,146,247,103,47.15,2015
214,"University of California Riverside",USA,89,247,567,218,209,113,161,169,194,47.13,2015
215,"University of Kiel",Germany,17,193,487,198,232,183,161,143,310,47.11,2015
216,"University of Western Australia",Australia,7,156,306,145,146,181,368,179,399,47.1,2015
217,"Paris Descartes University",France,11,203,567,218,177,142,287,156,455,47.06,2015
218,"University of Connecticut",USA,90,296,259,218,168,193,197,190,186,47.06,2015
219,"University of Massachusetts Amherst",USA,91,212,141,159,198,191,212,200,356,47.05,2015
220,"Chinese University of Hong Kong",Hong Kong,2,100,479,116,162,356,212,209,168,47.05,2015
221,"University of Turin",Italy,5,315,450,163,206,278,197,150,613,47.04,2015
222,"University of Manitoba",Canada,10,157,93,155,261,308,212,256,175,47.04,2015
223,"University of Vienna",Austria,1,191,185,101,231,154,161,200,671,47.03,2015
224,"University of Montpellier",France,12,289,462,169,165,129,146,184,511,47,2015
225,"Maastricht University",Netherlands,8,367,567,218,185,354,234,156,281,47,2015
226,"National Cheng Kung University",Taiwan,2,367,52,218,164,485,812,388,436,46.97,2015
227,"University of Tennessee Knoxville",USA,92,319,117,218,196,187,197,219,449,46.96,2015
228,"Complutense University of Madrid",Spain,2,86,68,214,215,309,368,335,256,46.96,2015
229,"Laval University",Canada,11,292,273,218,207,270,182,200,140,46.95,2015
230,"RWTH Aachen University",Germany,18,357,238,131,197,359,182,219,158,46.9,2015
231,"Université catholique de Louvain",Belgium,4,367,264,97,283,325,115,213,236,46.89,2015
232,"North Carolina State University",USA,93,251,228,218,157,206,182,242,161,46.89,2015
233,"Johannes Gutenberg University of Mainz",Germany,19,367,567,194,210,185,161,164,523,46.88,2015
234,"University of Texas Health Science Center at San Antonio",USA,94,367,567,218,314,229,197,140,315,46.88,2015
